Video Title,Channel Name,Published At,Description,Video URL,Video ID,Tags,View Count,Like Count,Comment Count,Duration
What Is Data Analytics? - An Introduction (Full Guide),CareerFoundry,2021-03-25T13:13:45Z,Curious about a career in Data Analytics? Book a call with a program advisor: https://bit.ly/47LEBk3 What exactly is data analytics ...,https://www.youtube.com/watch?v=yZvFH7B6gKI,yZvFH7B6gKI,"['What Is Data Analytics', 'data analytics for beginners', 'Data Analytics', 'data analyst', 'learn data analytics', 'what do data analysts do', 'what do data analysts actually do', 'data analytics course for beginners', 'How to become a data analyst', 'Data Analyst job', 'Data Analyst Career', 'Data Analyst with no experience', 'what does a data analyst do', 'what does a data analyst actually do', 'data analyst job description', 'data analyst skills', 'data analyst overview', 'CareerFoundry']",1457394,36099,742,PT9M4S
I started my data analyst career taking these beginner courses,Wale Gbads,2021-05-11T19:28:57Z,This video is specifically for anyone who is new to the data analysis field and looking to have an idea of what competences are ...,https://www.youtube.com/watch?v=SfE3aO3LWi0,SfE3aO3LWi0,"[""beginner's guide to data analysis"", 'the worklife man', 'the work life man', 'data analyst', 'how to become a data analyst', 'becoming a data analyst', 'how to learn data analyst skills', 'data analysis for beginners', 'data analytics for beginners', 'data analyst for beginners', 'how to learn data analytics', 'data analytics', 'how to begin your data analyst career', 'i started my data analyst career taking these beginner courses', 'I started my data analyst career taking these courses']",355569,18050,974,PT8M16S
The Complete Data Analyst Roadmap [2024],Programming with Mosh,2024-08-06T13:00:37Z,Go from zero to a data analyst in 8-16 months. This step-by-step roadmap covers the essential skills you must learn to become a ...,https://www.youtube.com/watch?v=YRJbhFLLPyE,YRJbhFLLPyE,"['data analyst roadmap', 'data analyst', 'machine learning', 'data science', 'excel', 'how to become a data analyst', 'data analyst beginner', 'data analytics career', 'how to become data analyst', 'become a data analyst', 'step by step roadmap to become data analyst', 'data analytics', 'power bi', 'complete data analyst roadmap', 'code with mosh', 'programming with mosh', 'mosh hamedani']",151351,4877,168,PT4M8S
Don&#39;t Become a Data Analyst if,Sundas Khalid,2024-08-13T14:08:48Z,What are some other reasons to not become a data analyst? #dataanalyst #dataengineer #datascientist #learntocode #swe #sql.,https://www.youtube.com/watch?v=YsRDM6eoRq8,YsRDM6eoRq8,"['data analyst', 'data analyst roadmap', 'sql']",366854,14469,187,PT1M
How I&#39;d become a data analyst (if i had to start over) in 2024,Agatha,2024-01-12T14:00:27Z,Data Analyst Roadmap 2024. A data analyst career path can be broken down into 3 simple steps with timelines so that it's easy to ...,https://www.youtube.com/watch?v=dJA7k58zlA8,dJA7k58zlA8,"['data analytics', 'data analyst', 'how to become a data analyst', 'data scientist', 'data analyst career', 'data science', 'analyst career path', 'become a data analyst', 'data analyst job', 'data analytics career', 'business intelligence', 'data analyst roadmap', 'how to learn data analytics', 'sql for data analyst', 'data analyst beginner', 'how to learn data analyst skills', 'how to learn data science']",513508,24293,562,PT8M57S
What Does a Data Analyst Actually Do?,Alex The Analyst,2020-07-29T13:48:00Z,What Does a Data Analyst Actually Do? | Let's look at what a Data Analyst actually does from start to finish. We will then look at ...,https://www.youtube.com/watch?v=ywZXpfdqg1o,ywZXpfdqg1o,"['Data Analyst', 'How to become a data analyst', 'Data Analyst job', 'Data Analyst Career', 'Data Analytics', 'Data Analyst with no experience', 'what does a data analyst do', 'what do data analysts actually do', 'what do data analysts do', 'what does a data analyst actually do', 'data analyst job description', 'data analyst skills', 'data analyst qualifications', 'data analyst salary', 'data analyst overview', 'What a data analyst does', 'Data Analyst Cleaning data', 'Data Analyst visualization']",982999,19098,496,PT4M18S
I Tried 50 Data Analyst Courses. Here Are Top 5,Stefanovic,2024-11-05T13:15:02Z,Top pick Data Analyst course: Datacamp Data Analyst with Python Career Track (https://datacamp.pxf.io/BnEVgB) Get access to ...,https://www.youtube.com/watch?v=X7eAwyMvm2c,X7eAwyMvm2c,[],106856,5737,124,PT8M41S
Master Data Analyst in 2024 with This Proven Roadmap,Analytics Vidhya,2024-04-25T06:17:28Z,,https://www.youtube.com/watch?v=XtwXnDNbEKM,XtwXnDNbEKM,"['data analyst roadmap', 'data analysis 2024', 'data analytics roadmap', 'data analytics project', 'data analyst project', 'data analyst job']",248322,8953,71,PT5S
4 websites with environmental data for data analysis/science projects: 1,Stephen | Data ,2024-11-25T21:51:03Z,4 websites with environmental data for data analysis/science projects: 1. NASA's Earth Data 2. Global Forest Watch 3. CDP Open ...,https://www.youtube.com/watch?v=c-G6g-u4hsY,c-G6g-u4hsY,[],434,18,0,PT27S
Data Analytics vs Data Science,IBM Technology,2023-11-08T12:00:38Z,Explore analytics tools and solutions â†’ https://ibm.biz/BdSPGc Are you interested in data science? And have you heard of data ...,https://www.youtube.com/watch?v=dcXqhMqhZUo,dcXqhMqhZUo,"['IBM', 'IBM Cloud']",538843,11371,205,PT6M30S
How to tell if a career in Data Analytics is right for you...,CareerFoundry,2022-09-16T12:00:26Z,Curious about a career in Data Analytics? Book a call with a program advisor: https://bit.ly/47LEBk3 Get started today with ...,https://www.youtube.com/watch?v=NOJKAzIH8hA,NOJKAzIH8hA,"['data analyst', 'data analytics', 'how to become a data analyst', 'data analyst roadmap', 'data analyst job', 'how to learn data analytics', 'become a data analyst', 'data analytics for beginners', 'data analysis', 'data analyst interview questions and answers', 'how to become data analyst', 'data analyst beginner', 'data analyst projects for beginners', 'how to learn data analyst skills', 'data analyst career path', 'data analyst day in the life', 'step by step', 'data analytics job', 'data analytics interview']",577360,21643,321,PT7M12S
"What I *actually* do as a data analyst | salary, job, harsh reality",Agatha,2024-01-19T14:00:42Z,"Day in the life of a data analyst in 2024 including data analyst skills, the workflow, the data analyst role and responsibilities, what ...",https://www.youtube.com/watch?v=t2VuELCQBHA,t2VuELCQBHA,"['data analyst', 'data analytics', 'data analytics roadmap', 'data analytics career', 'data science', 'chatgpt data analysis', 'data analytics skills required', 'business intelligence analyst', 'business intelligence', 'data analytics career change', 'ai data analytics', 'data analyst salary']",212275,8142,286,PT8M44S
Data Analyst Roadmap - FASTEST Way To a Data Analyst Job,Learn with Lukas,2023-05-11T11:13:15Z,"Complete Data Analyst Beginner Roadmap: https://learnwithlukas.com/da/ I've talked about how to become a data analyst before, ...",https://www.youtube.com/watch?v=EV3wyVOhF3c,EV3wyVOhF3c,"['complete data analyst roadmap', 'data analyst roadmap 2022', 'data analyst roadmap 2023', 'how to become a data analyst', 'data analyst roadmap', 'data analyst', 'data scientist', 'business analyst', 'become a data analyst', 'data analyst job', 'data science', 'data analytics', 'data analytics career', 'data analytics roadmap', 'power bi', 'excel', 'how to learn data science', 'how to learn data analytics', 'how to get data analyst job', 'how to get data analyst job without experience', 'full data analyst roadmap']",134076,6801,141,PT4M9S
A Beginners Guide To The Data Analysis Process,CareerFoundry,2021-09-30T10:00:32Z,Curious about a career in Data Analytics? Book a call with a program advisor: https://bit.ly/47LEBk3 What is the data analysis ...,https://www.youtube.com/watch?v=lgCNTuLBMK4,lgCNTuLBMK4,"['The Data Analysis Process', 'What Is The Data Analysis Process', 'Data Analysis Steps', 'A Step by step guide to the data analysis process', 'An Introduction To Data Analysis', 'What Is Data Analytics', 'data analytics for beginners', 'Data Analytics', 'data analyst', 'learn data analytics', 'what do data analysts do', 'what do data analysts actually do', 'How to become a data analyst', 'Data Analyst Career', 'Data Analyst with no experience', 'what does a data analyst do', 'data analyst skills', 'CareerFoundry']",725732,13729,154,PT10M20S
Life as a Data Analyst #shorts,Maven Analytics,2022-08-07T23:11:44Z,,https://www.youtube.com/watch?v=JS4z0eOjwZs,JS4z0eOjwZs,[],836850,22114,239,PT14S
FASTEST Way to Become a Data Analyst and ACTUALLY Get a Job,Stefanovic,2022-07-11T13:07:22Z,Learn how I tripled my income as a Data Analyst so I could escape the 9-5: https://learn.stfnvic.com/mastermind Best place to learn ...,https://www.youtube.com/watch?v=AYWLZ1lES6g,AYWLZ1lES6g,"['data analyst', 'data science', 'data analyst job', 'how to become a data analyst', 'data analytics', 'data analytics career', 'data analyst roadmap', 'data analytics roadmap', 'power bi', 'excel', 'how to learn data science', 'how to learn data analytics', 'how to get data analyst job as a fresher', 'how to get data analyst job', 'how to get data analyst job without experience']",3159472,122896,1704,PT10M55S
What is Data Analytics | Data Analytics in 5 Minutes | Intellipaat,Intellipaat,2021-10-19T13:55:59Z,"Intellipaat Data Analytics course: https://intellipaat.com/data-science-business-analytics-iit-madras/ In this video on Data Analytics, ...",https://www.youtube.com/watch?v=37x5dKW-X5U,37x5dKW-X5U,"['What is Data Analytics', 'Data Analytics in 5 Minutes', 'Data Analytics', 'Data Analytics for Beginners', 'Data Analytics Course', 'Learn Data Analytics', 'Data Analytics Full Course', 'Data Analytics Tutorial', 'Data analytics tutorial for beginners', 'how to become a data analyst', 'what is data analytics', 'data analyst career', 'excel for data analytics', 'data analyst skills', 'data analytics career', 'how to learn data analytics', 'data analytics', 'data analytics for beginners']",301204,3284,80,PT5M
How I Would Learn Data Analysis (If I Could Start Over in 2024),Stefanovic,2022-10-24T13:43:39Z,Boost your Data Analysis career by learning SQL at LearnSQL.com: https://learnsql.com/?ref=stefanmasnikovic Learn how I ...,https://www.youtube.com/watch?v=qWEHO8b6WbA,qWEHO8b6WbA,"['data analyst', 'data analytics', 'how to become a data analyst', 'data analyst job', 'data analyst career', 'data science', 'how to data analyst', 'learn data analysis', 'how to learn data analysis']",577451,33542,478,PT10M59S
The harsh reality of a Data Analyst job #shorts,Lore So What,2023-02-02T12:45:03Z,"The expectations when you start learning about data analytics are far from the reality of what actually happens on the field, let me ...",https://www.youtube.com/watch?v=y33H5z88ejY,y33H5z88ejY,"['data analytics', 'data analyst job', 'data science', 'data analysis', 'data analytics career', 'what does a data analyst do', 'life of a data analyst', 'data analyst', 'data analyst expectations vs reality', 'what to expect as a data analyst', 'data analyst skills', 'data analyst daily work', 'day in the life of a data analyst', 'data analyst day in the life', 'data analytics job', 'data analyst job description', 'data analyst vs business analyst', 'data analyst beginner']",348530,17185,425,PT59S
Master Data Analysis on Excel in Just 10 Minutes,Kenji Explains,2023-02-26T18:45:01Z,AD: Sign up to enroll for a 7-day free trial with Coursera now!,https://www.youtube.com/watch?v=_g5roKHj95o,_g5roKHj95o,"['data analysis in excel', 'excel data analysis', 'analysing data', 'data analysis', 'master data analysis', 'data analysis in 10 minutes', 'descriptive statistics excel', 'box and whisker excel', 'pivot tables excel', 'data analysis report excel', 'data transformation', 'removing duplicates', 'data cleaning excel', 'trim formula', 'xlookup', 'sumifs', 'beginner to pro in data analysis', 'learn data analysis on excel in 10 minutes', 'learn data analysis', 'data analysis fundamentals', 'data analytics on excel']",2250651,48772,573,PT11M32S
